1,Byeon Wooseok,2023-01-01
2,Kim Hyeyoon,2008-09-01
1,Byeon Wooseok,2023-01-01
2,Kim Hyeyoon,2008-09-01
1,Byeon Wooseok,2023-01-01
2,Kim Hyeyoon,2008-09-01
1,Byeon Wooseok,2023-01-01
2,Kim Hyeyoon,2008-09-01
1,Byeon Wooseok,2023-01-01
2,Kim Hyeyoon,2008-09-01
1,Byeon Wooseok,2023-01-01
2,Kim Hyeyoon,2008-09-01
1,Byeon Wooseok,2023-01-01
2,Kim Hyeyoon,2008-09-01
1,Byeon Wooseok,2023-01-01
2,Kim Hyeyoon,2008-09-01
1,Byeon Wooseok,2023-01-01
2,Kim Hyeyoon,2008-09-01
1,Byeon Wooseok,2023-01-01
2,Kim Hyeyoon,2008-09-01
1,Byeon Wooseok,2023-01-01
2,Kim Hyeyoon,2008-09-01
1,Byeon Wooseok,2023-01-01
2,Kim Hyeyoon,2008-09-01
1,Byeon Wooseok,2023-01-01
2,Kim Hyeyoon,2008-09-01
1,Byeon Wooseok,2023-01-01
2,Kim Hyeyoon,2008-09-01
1,Byeon Wooseok,2023-01-01
2,Kim Hyeyoon,2008-09-01
1,Byeon Wooseok,2023-01-01
2,Kim Hyeyoon,2008-09-01
1,Byeon Wooseok,2023-01-01
2,Kim Hyeyoon,2008-09-01
1,Byeon Wooseok,2023-01-01
2,Kim Hyeyoon,2008-09-01
1,Byeon Wooseok,2023-01-01
2,Kim Hyeyoon,2008-09-01
1,Byeon Wooseok,2023-01-01
2,Kim Hyeyoon,2008-09-01
1,Byeon Wooseok,2023-01-01
2,Kim Hyeyoon,2008-09-01
1,Byeon Wooseok,2023-01-01
2,Kim Hyeyoon,2008-09-01
