1,nct,26,2016-04-09
2,super junior,10,2005-09-11
3,straykids,8,2018-03-25
1,nct,26,2016-04-09
2,super junior,10,2005-09-11
3,straykids,8,2018-03-25
1,nct,26,2016-04-09
2,super junior,10,2005-09-11
3,straykids,8,2018-03-25
1,nct,26,2016-04-09
2,super junior,10,2005-09-11
3,straykids,8,2018-03-25
1,nct,26,2016-04-09
2,super junior,10,2005-09-11
3,straykids,8,2018-03-25
1,nct,26,2016-04-09
2,super junior,10,2005-09-11
3,straykids,8,2018-03-25
1,nct,26,2016-04-09
2,super junior,10,2005-09-11
3,straykids,8,2018-03-25
1,nct,26,2016-04-09
2,super junior,10,2005-09-11
3,straykids,8,2018-03-25
1,nct,26,2016-04-09
2,super junior,10,2005-09-11
3,straykids,8,2018-03-25
1,nct,26,2016-04-09
2,super junior,10,2005-09-11
3,straykids,8,2018-03-25
1,nct,26,2016-04-09
2,super junior,10,2005-09-11
3,straykids,8,2018-03-25
1,nct,26,2016-04-09
2,super junior,10,2005-09-11
3,straykids,8,2018-03-25
1,nct,26,2016-04-09
2,super junior,10,2005-09-11
3,straykids,8,2018-03-25
1,nct,26,2016-04-09
2,super junior,10,2005-09-11
3,straykids,8,2018-03-25
1,nct,26,2016-04-09
2,super junior,10,2005-09-11
3,straykids,8,2018-03-25
1,nct,26,2016-04-09
2,super junior,10,2005-09-11
3,straykids,8,2018-03-25
1,nct,26,2016-04-09
2,super junior,10,2005-09-11
3,straykids,8,2018-03-25
1,nct,26,2016-04-09
2,super junior,10,2005-09-11
3,straykids,8,2018-03-25
1,nct,26,2016-04-09
2,super junior,10,2005-09-11
3,straykids,8,2018-03-25
1,nct,26,2016-04-09
2,super junior,10,2005-09-11
3,straykids,8,2018-03-25
1,nct,26,2016-04-09
2,super junior,10,2005-09-11
3,straykids,8,2018-03-25
1,nct,26,2016-04-09
2,super junior,10,2005-09-11
3,straykids,8,2018-03-25
1,nct,26,2016-04-09
2,super junior,10,2005-09-11
3,straykids,8,2018-03-25
1,nct,26,2016-04-09
2,super junior,10,2005-09-11
3,straykids,8,2018-03-25
1,nct,26,2016-04-09
2,super junior,10,2005-09-11
3,straykids,8,2018-03-25
1,nct,26,2016-04-09
2,super junior,10,2005-09-11
3,straykids,8,2018-03-25
